{"cameraMode":{"drawMode":0,"name":"Shaded","section":"Shading Mode"},"sceneLighting":true,"audioPlay":false,"sceneViewState":{"m_AlwaysRefresh":false,"showFog":true,"showSkybox":true,"showFlares":true,"showImageEffects":true,"showParticleSystems":true,"showVisualEffectGraphs":true,"m_FxEnabled":true},"in2DMode":false,"pivot":{"x":-0.12931174039840699,"y":1.4132468700408936,"z":0.02656302973628044},"rotation":{"x":-0.05076159909367561,"y":0.9159106612205505,"z":-0.12632445991039277,"w":-0.3785625696182251},"size":6.164885997772217,"orthographic":false}